"","Price","SQFT","Bedrooms","Baths","Age","Occupancy","Pool","Fireplace","Waterfront","DOM"
"0",66500,741,1,1,18,1,1,1,0,6
"1",66000,741,1,1,18,2,1,0,0,23
"2",68500,790,1,1,18,1,0,1,0,8
"3",102000,2783,2,2,18,1,0,1,0,50
"4",54000,1165,2,1,35,2,0,0,0,190
"5",143000,2331,2,2,25,1,0,1,0,86
"6",98900,1228,2,2,25,3,0,1,0,123
"7",98350,1228,2,2,25,2,0,1,0,137
"8",98847,1228,2,2,25,2,0,1,0,168
"9",98900,1228,2,2,25,2,0,1,0,135
"10",101313,1228,2,2,25,2,0,1,0,132
"11",125000,1520,2,2,18,1,0,0,0,33
"12",62500,1440,2,2,25,3,0,1,0,113
"13",92000,1001,2,2,25,1,0,0,0,96
"14",120000,1438,2,1,45,1,0,0,0,30
"15",23000,956,2,1,35,2,0,0,0,51
"16",22654,1080,2,1,63,2,0,0,0,8
"17",95000,1745,2,1,45,1,0,0,0,41
"18",64900,971,2,1,45,2,0,0,0,176
"19",75000,1303,2,1,45,2,0,0,0,329
"20",68000,1590,2,1,35,2,0,0,0,65
"21",23000,933,2,1,45,2,0,0,0,3
"22",40101,850,2,1,63,2,0,0,0,4
"23",93000,2332,2,2,25,1,0,0,0,66
"24",58500,1562,2,1,35,2,0,0,0,83
"25",103500,1452,3,2,18,2,0,0,0,14
"26",102565,2890,3,2,25,1,1,1,0,15
"27",97900,2419,3,2,18,2,0,0,0,46
"28",99000,1808,3,2,18,1,0,0,0,7
"29",82000,1396,3,2,35,1,0,0,0,27
"30",171500,2216,3,2,5,1,0,1,0,11
"31",135900,1425,3,2,18,2,0,1,0,0
"32",80001,2291,3,2,25,2,0,1,0,7
"33",136000,2024,3,2,5,2,0,1,1,10
"34",167500,2560,3,2,2,1,0,1,0,149
"35",134000,2246,3,2,5,2,0,1,0,97
"36",270000,5814,3,3,63,1,0,1,1,3
"37",315000,3835,3,2,63,2,0,1,0,48
"38",207000,2870,3,2,13,1,0,1,0,32
"39",197500,3128,3,2,63,1,0,1,0,37
"40",335000,3060,3,2,45,1,0,0,0,7
"41",219000,2918,3,3,63,2,0,1,0,263
"42",189900,1936,3,2,45,1,0,1,0,11
"43",79900,2610,3,1,45,1,0,0,0,77
"44",123400,2446,3,2,45,1,0,0,0,70
"45",123000,2590,3,2,45,2,0,0,0,21
"46",130500,2910,3,2,45,2,0,0,0,45
"47",128000,1304,3,2,45,2,0,0,0,22
"48",68000,1342,3,1,35,2,0,0,0,380
"49",62000,1090,3,1,35,2,0,0,0,168
"50",124000,2989,3,2,45,1,0,0,0,50
"51",50000,2191,3,1,45,2,0,0,0,32
"52",89900,1393,3,1,45,1,0,0,0,43
"53",125000,1912,3,2,45,1,0,0,0,8
"54",147000,2126,3,2,45,1,0,1,0,66
"55",246000,2666,3,2,45,1,0,1,0,10
"56",76000,1286,3,1,35,2,0,0,0,25
"57",135000,2135,3,2,25,2,0,1,0,46
"58",85000,1400,3,2,35,1,0,0,0,26
"59",124900,2272,3,2,35,2,0,1,0,34
"60",98900,1956,3,1,35,1,0,1,0,34
"61",120000,1644,3,2,35,1,0,0,0,24
"62",134000,2692,3,2,35,1,1,0,0,57
"63",115495,2707,3,2,25,1,0,0,0,21
"64",81900,1404,3,2,45,1,0,0,0,32
"65",34000,1111,3,1,35,1,0,0,0,1
"66",91500,1519,3,1,35,1,0,1,0,20
"67",109200,2100,3,2,25,2,0,0,0,17
"68",42000,1370,3,1,35,2,0,0,0,49
"69",110000,1819,3,2,35,2,0,0,0,5
"70",142000,2545,3,2,35,1,0,0,0,92
"71",79900,1511,3,1,25,1,0,0,0,6
"72",134900,2403,3,2,25,1,0,1,0,80
"73",130000,2468,3,2,25,1,0,1,0,30
"74",125000,2367,3,2,25,2,0,1,0,85
"75",108000,2461,3,3,25,1,1,0,0,51
"76",133000,2496,3,2,25,1,0,1,0,9
"77",126000,2301,3,2,25,1,0,1,0,15
"78",121900,2200,3,2,25,1,0,1,0,26
"79",116000,2453,3,2,25,1,0,1,0,52
"80",135000,2876,3,2,25,1,0,1,0,44
"81",150000,2523,3,2,25,1,0,1,0,31
"82",136400,2534,3,2,25,1,0,1,0,130
"83",97500,1790,3,2,25,1,0,1,0,11
"84",141000,2703,3,2,25,1,0,1,0,39
"85",185000,2495,3,2,18,1,0,1,0,68
"86",127000,2009,3,2,35,1,0,1,0,112
"87",290000,2824,3,2,25,1,0,1,0,73
"88",95700,1485,3,2,25,2,0,1,0,89
"89",139900,3266,3,2,25,2,0,1,0,8
"90",97500,1358,3,2,25,1,0,1,0,35
"91",90900,1337,3,1,25,1,0,1,0,121
"92",72500,1411,3,1,25,2,0,1,0,13
"93",137500,1965,3,2,25,1,0,1,0,11
"94",116000,1843,3,2,18,1,0,0,0,5
"95",121500,1897,3,2,13,2,0,1,0,140
"96",149900,2486,3,2,18,1,0,0,0,7
"97",99000,1467,3,2,18,1,0,1,0,78
"98",100000,1453,3,2,18,1,0,0,0,8
"99",208000,3157,3,2,18,1,0,1,0,21
"100",130000,1296,3,2,18,3,0,1,0,60
"101",102500,1800,3,2,25,2,0,0,0,35
"102",190000,3264,3,2,18,1,1,1,0,5
"103",119400,1996,3,2,18,1,0,1,0,17
"104",212500,3453,3,2,13,1,0,1,0,2
"105",263000,3682,3,2,13,1,0,1,0,8
"106",125000,1879,3,2,13,1,0,1,0,72
"107",125000,2071,3,2,13,1,0,1,0,16
"108",206500,2132,3,2,13,1,0,1,0,60
"109",117500,1979,3,2,8,1,0,1,0,22
"110",175000,2469,3,2,8,2,0,1,0,19
"111",192500,2681,3,2,8,1,0,1,1,56
"112",111900,1615,3,2,8,2,0,0,0,192
"113",260000,3052,3,2,8,1,0,1,1,33
"114",95000,2332,3,2,8,2,0,0,0,37
"115",188000,3125,3,2,8,1,0,1,0,10
"116",138900,2083,3,2,8,1,0,1,0,61
"117",163000,2207,3,2,8,1,0,1,0,76
"118",115000,2007,3,2,8,2,0,1,0,6
"119",142900,1995,3,2,8,1,1,1,0,49
"120",168500,2201,3,2,8,1,0,1,0,30
"121",146000,2128,3,2,8,1,0,1,0,32
"122",106000,1843,3,2,8,2,0,1,0,5
"123",124400,1848,3,2,8,1,0,1,0,176
"124",124000,1372,3,2,8,1,0,1,0,7
"125",177500,2636,3,2,8,1,0,1,0,8
"126",149900,2228,3,2,1,2,0,1,0,77
"127",161500,2302,3,2,8,1,0,1,0,28
"128",142900,1992,3,2,8,1,0,1,0,70
"129",161900,2415,3,2,5,1,0,1,0,30
"130",100900,1514,3,2,8,1,0,0,0,11
"131",146400,2444,3,2,8,1,0,1,0,42
"132",113700,2016,3,2,5,1,0,0,0,5
"133",171000,1588,3,2,5,3,0,0,0,51
"134",168000,2325,3,2,5,1,1,1,0,24
"135",149000,2135,3,2,5,1,0,1,0,37
"136",125000,1882,3,2,5,2,0,1,0,77
"137",75000,1617,3,2,5,2,0,0,0,40
"138",125000,2127,3,2,2,2,0,0,0,59
"139",130900,2062,3,2,5,1,1,1,1,18
"140",109500,1970,3,2,5,1,0,0,0,11
"141",103900,1716,3,2,5,1,0,0,0,8
"142",127800,2131,3,2,5,1,0,1,0,11
"143",219000,2200,3,2,2,1,0,1,0,122
"144",110050,2084,3,2,2,2,0,1,0,12
"145",206000,2342,3,2,2,2,0,1,0,27
"146",95000,1741,3,2,2,2,0,0,0,175
"147",122000,2044,3,2,2,1,0,1,0,147
"148",214000,3041,3,2,2,1,0,1,0,70
"149",115900,1700,3,2,2,1,0,1,1,4
"150",122900,2312,3,2,2,1,0,0,0,7
"151",129900,2072,3,2,2,1,0,1,0,20
"152",155536,2348,3,2,2,1,0,1,0,44
"153",169900,2342,3,2,2,1,0,1,0,50
"154",153900,2522,3,2,1,2,0,1,0,133
"155",107900,1707,3,2,2,1,0,1,0,6
"156",131000,2122,3,2,2,2,0,0,0,21
"157",114500,2103,3,2,2,2,0,1,0,18
"158",114900,1805,3,2,2,1,0,0,0,57
"159",130000,1980,3,2,2,2,0,0,0,460
"160",135500,2122,3,2,1,2,0,0,0,390
"161",157900,2462,3,2,1,2,0,1,0,221
"162",161000,2420,3,2,1,2,0,1,1,447
"163",124900,1840,3,2,1,2,0,1,0,7
"164",120000,1864,3,2,1,2,0,1,0,84
"165",124175,1864,3,2,1,2,0,1,0,57
"166",165900,2174,3,2,1,2,0,1,0,154
"167",207255,2135,3,2,1,1,0,0,0,36
"168",252900,2977,3,2,1,2,0,1,0,276
"169",226900,2879,3,2,1,2,0,1,0,88
"170",132000,1873,3,2,1,2,0,1,0,163
"171",124900,1921,3,2,1,2,0,1,0,155
"172",135900,1405,3,2,1,2,0,0,0,51
"173",158000,2376,3,2,1,2,0,1,0,34
"174",154650,2211,3,2,1,2,0,1,0,1
"175",188900,2813,3,2,13,2,0,1,0,10
"176",175000,2076,3,2,5,2,0,0,0,17
"177",162900,2010,3,2,1,2,0,0,0,2
"178",115900,2554,3,2,45,1,0,1,0,162
"179",109000,2145,3,2,25,1,0,1,0,40
"180",110000,1806,3,2,18,1,0,1,0,36
"181",100300,1745,3,1,35,1,0,0,0,11
"182",126900,2623,3,2,25,1,0,0,0,22
"183",92000,1401,3,1,35,1,0,0,0,4
"184",98400,2037,3,2,25,1,0,0,0,26
"185",66000,1589,3,2,25,2,0,0,0,11
"186",93300,1501,3,1,35,2,0,0,0,10
"187",89000,1588,3,2,25,2,0,0,0,101
"188",97500,1584,3,2,25,1,0,1,0,34
"189",110000,1945,3,2,25,1,0,1,0,44
"190",113000,2166,3,2,25,1,0,1,0,30
"191",99900,1495,3,2,25,1,0,0,0,10
"192",98500,2296,3,2,35,3,0,0,0,60
"193",105000,1927,3,2,25,2,0,0,0,93
"194",112000,1964,3,2,25,1,0,1,0,96
"195",116300,2773,3,2,25,1,0,1,0,24
"196",119000,2113,3,2,25,1,1,1,0,16
"197",143000,2452,3,2,18,1,0,1,0,7
"198",116000,2303,3,2,25,1,0,1,0,44
"199",186000,2940,3,2,35,1,0,1,0,36
"200",142500,2247,3,2,8,1,0,1,0,49
"201",138500,1541,3,2,13,1,0,0,0,9
"202",149500,2712,3,2,25,2,0,1,0,22
"203",106000,1510,3,2,18,2,0,1,0,21
"204",111500,2212,3,2,18,2,0,1,0,47
"205",144500,1548,3,2,8,2,0,1,0,18
"206",120500,2055,3,2,25,2,0,0,0,38
"207",109900,1860,3,2,35,1,0,0,0,0
"208",109500,1989,3,2,18,2,0,1,0,83
"209",119000,1350,3,2,8,2,0,1,0,47
"210",103000,2447,3,2,35,2,0,1,0,92
"211",139900,2800,3,2,25,2,1,1,0,6
"212",144000,2389,3,2,13,2,0,1,0,35
"213",151900,3624,3,2,25,1,0,1,0,322
"214",112400,2388,3,2,45,1,0,0,0,58
"215",119900,2490,3,2,35,1,0,0,0,135
"216",138000,2481,3,2,35,1,0,0,0,55
"217",137000,2681,3,2,35,2,0,1,0,100
"218",127000,2412,3,2,25,2,0,1,0,27
"219",118830,2130,3,2,35,2,0,0,0,12
"220",75000,2294,3,3,35,2,0,0,0,19
"221",82300,1231,3,1,35,2,0,0,0,44
"222",115000,2205,3,2,35,2,0,0,0,38
"223",129000,2701,3,2,35,2,0,0,0,6
"224",98300,1887,3,2,45,2,0,0,0,35
"225",60000,876,3,1,45,2,0,0,0,46
"226",119900,2645,3,1,35,1,0,1,0,7
"227",119500,2482,3,2,25,1,0,1,0,124
"228",127000,2011,3,2,25,1,0,1,0,18
"229",85000,1421,3,1,25,1,0,0,0,42
"230",98500,1460,3,2,25,1,0,0,0,8
"231",89000,1591,3,2,35,1,0,0,0,51
"232",103000,2827,3,2,35,1,0,0,0,67
"233",110000,2005,3,2,25,1,0,0,0,71
"234",103000,3153,3,2,35,2,0,1,0,46
"235",119900,2282,3,2,25,2,0,1,0,25
"236",134000,2086,3,2,1,2,0,1,0,3
"237",80000,2120,3,2,45,2,0,0,0,10
"238",41500,1015,3,1,45,2,0,0,0,11
"239",67500,1321,3,2,45,2,0,0,0,4
"240",77500,1330,3,1,25,2,0,0,0,28
"241",70500,1376,3,1,35,2,0,0,0,139
"242",87000,1974,3,1,35,2,0,0,0,387
"243",59895,1865,3,2,25,2,0,0,0,65
"244",42000,1489,3,1,35,2,0,0,0,12
"245",124900,2917,3,2,25,1,0,1,0,5
"246",85000,1562,3,2,25,1,0,0,0,7
"247",57000,1393,3,1,35,2,0,0,0,90
"248",93000,1963,3,1,45,2,0,0,0,40
"249",186900,2678,3,2,8,1,0,1,0,44
"250",122000,1889,3,2,25,1,0,1,0,42
"251",132000,2156,3,2,25,1,0,1,0,19
"252",135000,3029,3,2,25,1,0,1,0,56
"253",103500,1483,3,2,18,1,0,0,0,71
"254",102500,2196,3,2,25,1,0,0,0,8
"255",125000,2430,3,2,25,1,0,0,0,19
"256",130000,2051,3,2,25,1,0,0,0,31
"257",137900,1595,3,2,25,1,0,0,0,31
"258",72500,1203,3,1,35,1,0,0,0,6
"259",138900,2360,3,2,18,2,0,1,0,89
"260",109900,1858,3,2,25,2,0,1,0,349
"261",224900,3555,3,2,25,2,0,1,0,16
"262",114000,1896,3,2,1,2,0,1,0,99
"263",152500,1765,3,2,25,2,0,0,0,15
"264",148500,2135,3,2,25,1,0,1,0,48
"265",119000,1389,3,2,25,1,0,1,0,20
"266",132500,1296,3,2,18,2,0,0,0,1
"267",287500,2087,3,2,63,1,0,1,0,4
"268",190000,2628,3,3,45,1,0,1,0,7
"269",172500,3310,3,2,45,1,0,1,0,155
"270",105000,2200,3,2,25,1,0,1,0,186
"271",61500,1763,3,1,35,2,0,0,1,95
"272",148000,3027,3,2,45,1,0,1,0,79
"273",94900,2466,3,2,35,1,0,0,0,21
"274",63000,2292,3,2,45,1,0,0,0,240
"275",65500,1277,3,2,5,2,0,0,0,21
"276",87000,1377,3,2,63,2,0,0,0,15
"277",149000,2876,3,2,45,1,0,1,0,2
"278",120000,3329,3,2,35,1,0,0,0,9
"279",60000,1131,3,1,63,3,0,0,0,0
"280",57500,1847,3,2,35,2,0,0,0,11
"281",66000,1236,3,1,35,2,0,0,0,43
"282",69900,1837,3,1,63,2,0,0,0,126
"283",82900,1400,3,2,35,2,0,0,0,0
"284",45900,1801,3,1,35,2,0,0,0,72
"285",55500,810,3,1,35,2,0,0,0,27
"286",33000,1579,3,1,45,2,0,0,0,32
"287",52900,1482,3,1,45,2,0,0,0,21
"288",31000,1590,3,1,45,3,0,1,0,171
"289",95000,2041,3,2,45,3,0,0,0,42
"290",140000,2238,3,2,18,1,0,1,0,3
"291",120459,1590,3,2,35,1,0,1,0,27
"292",70300,1380,3,2,8,1,0,0,0,10
"293",142900,1668,3,2,18,2,0,1,0,6
"294",35000,1714,3,1,35,2,0,1,0,33
"295",165000,1965,3,2,63,2,1,0,0,210
"296",78000,1916,3,2,25,1,0,0,0,121
"297",128000,1958,3,2,2,1,0,1,0,49
"298",60000,1383,3,2,25,2,0,1,0,14
"299",144500,2026,3,2,5,1,0,0,0,0
"300",169900,2595,3,2,8,1,0,1,1,4
"301",127000,1862,3,2,8,1,0,1,1,29
"302",143000,1613,3,2,8,1,0,1,0,31
"303",153000,1668,3,2,8,1,0,1,0,74
"304",170000,2477,3,2,8,1,0,1,0,1
"305",172000,2268,3,2,8,1,0,0,0,11
"306",112900,2090,3,2,13,2,0,1,0,14
"307",176900,2374,3,2,1,2,0,1,0,203
"308",130000,2353,3,2,13,2,0,1,0,77
"309",64000,1811,3,2,8,2,0,0,0,15
"310",63000,1386,3,1,25,2,0,0,0,70
"311",36000,900,3,1,35,3,0,0,0,40
"312",62500,1763,3,1,45,2,0,0,0,17
"313",63000,1800,3,2,63,2,0,0,0,38
"314",146000,1810,3,2,35,1,0,1,0,255
"315",95000,1801,3,2,45,1,0,1,0,97
"316",93900,1500,3,2,25,2,0,0,0,27
"317",22000,1414,3,1,35,2,0,0,0,279
"318",114000,3299,3,2,25,1,0,1,0,13
"319",143000,2136,3,2,8,1,0,1,0,103
"320",113000,1696,3,2,2,1,0,1,0,20
"321",155000,1757,3,2,8,1,1,1,0,219
"322",135000,1914,3,2,2,1,0,0,0,35
"323",128000,2134,3,2,1,2,0,1,0,73
"324",128900,1851,3,2,8,2,0,1,0,13
"325",103000,2246,3,2,25,2,0,1,0,9
"326",168000,1601,3,2,1,2,0,1,0,168
"327",109275,1150,3,2,1,2,0,0,0,3
"328",92000,1346,3,2,18,2,0,0,0,31
"329",117000,2320,3,2,25,2,0,0,0,84
"330",146715,2467,3,2,1,2,0,0,0,0
"331",150900,2458,3,2,1,2,0,0,0,239
"332",154650,2459,3,2,1,2,0,0,0,271
"333",157500,2458,3,2,1,2,0,0,0,290
"334",165330,2459,3,2,1,2,0,0,0,0
"335",62241,1615,3,2,25,2,0,0,0,2
"336",129000,2379,3,2,1,2,0,0,0,233
"337",287500,4033,3,4,25,1,1,1,0,22
"338",84500,1162,3,1,25,1,0,0,0,43
"339",118000,2798,3,2,25,1,0,1,0,188
"340",131900,2226,3,2,8,1,0,1,0,151
"341",120500,1977,3,2,2,1,0,1,0,43
"342",137500,1937,3,2,2,1,0,1,0,25
"343",79900,1009,3,1,35,1,1,0,0,10
"344",114000,1937,3,2,2,1,0,0,0,88
"345",118000,1933,3,2,2,1,0,0,0,15
"346",91500,1341,3,1,18,1,0,0,0,6
"347",75000,1594,3,1,35,1,0,0,0,177
"348",80000,1183,3,2,18,2,0,0,0,11
"349",103100,1772,3,2,1,2,0,0,0,0
"350",113400,1960,3,2,1,2,0,0,0,218
"351",122700,2087,3,2,1,2,0,0,0,1
"352",126600,2348,3,2,1,2,0,0,0,0
"353",126600,2348,3,2,1,2,0,0,0,0
"354",102800,1670,3,2,1,2,0,0,0,0
"355",111800,1937,3,2,1,2,0,0,0,30
"356",111900,1933,3,2,1,2,0,0,0,0
"357",113500,1960,3,2,1,2,0,0,0,103
"358",114500,1933,3,2,1,2,0,0,0,21
"359",121300,1977,3,2,1,2,0,0,0,133
"360",123200,2087,3,2,1,2,0,0,0,0
"361",123800,2105,3,2,1,2,0,0,0,212
"362",128600,2182,3,2,1,2,0,0,0,64
"363",129800,2348,3,2,1,2,0,0,0,0
"364",129800,2348,3,2,1,2,0,0,0,0
"365",129900,2348,3,2,1,2,0,0,0,3
"366",131800,2379,3,2,1,2,0,0,0,51
"367",132600,2348,3,2,1,2,0,0,0,75
"368",133400,2348,3,2,1,2,0,0,0,39
"369",157900,2827,3,2,1,2,0,0,0,122
"370",115000,2447,3,2,35,2,1,0,0,7
"371",67500,2419,3,2,25,2,0,0,0,0
"372",100000,1556,3,1,1,2,0,0,0,36
"373",109300,1886,3,2,1,2,0,0,0,143
"374",128200,2379,3,2,1,2,0,0,0,149
"375",122100,2087,3,2,1,2,0,0,0,0
"376",110800,1937,3,2,1,2,0,0,0,184
"377",111900,1933,3,2,1,2,0,0,0,191
"378",113100,1933,3,2,1,2,0,0,0,119
"379",129400,2182,3,2,1,2,0,0,0,209
"380",104000,2095,3,2,25,1,0,1,0,3
"381",80000,1486,3,1,35,1,0,1,0,163
"382",103500,2565,3,2,18,1,0,0,0,134
"383",72190,1349,3,2,35,1,0,0,0,25
"384",98000,1680,3,1,35,1,0,0,0,70
"385",85000,1300,3,1,25,1,0,0,0,199
"386",86000,2037,3,2,35,1,0,0,0,26
"387",210000,4046,3,3,35,1,0,0,0,185
"388",86000,1418,3,1,25,1,0,0,0,10
"389",102000,2376,3,1,45,2,0,1,0,91
"390",45000,1130,3,1,35,2,0,1,0,74
"391",89100,1917,3,2,18,2,0,1,0,52
"392",60000,1336,3,1,35,2,0,0,0,42
"393",72000,1394,3,1,18,2,0,0,0,21
"394",89000,1358,3,2,18,2,0,0,0,39
"395",51500,1700,3,2,35,2,0,0,0,13
"396",76000,1433,3,1,35,2,0,0,0,220
"397",76000,1178,3,1,35,2,0,0,0,44
"398",73500,1266,3,1,35,2,0,0,0,25
"399",112900,1215,3,2,8,1,0,1,0,86
"400",116900,1910,3,2,8,1,0,1,0,58
"401",121000,1952,3,2,8,1,0,1,0,68
"402",122000,1308,3,2,8,1,0,1,0,7
"403",114000,1744,3,2,8,1,0,1,0,72
"404",118750,2215,3,2,13,2,0,1,0,10
"405",98500,1152,3,2,5,2,0,0,0,11
"406",69000,1236,3,2,35,2,0,0,0,301
"407",45000,1300,3,1,35,2,0,1,0,177
"408",131000,2170,3,2,13,2,0,0,0,21
"409",184300,3013,4,2,25,1,0,1,0,122
"410",137500,2905,4,2,35,1,0,0,0,26
"411",265000,4688,4,3,63,2,0,1,0,139
"412",114000,2193,4,2,45,2,0,1,0,26
"413",153000,2789,4,2,63,2,0,0,0,261
"414",144000,2669,4,2,35,1,0,1,0,71
"415",118500,2550,4,2,35,1,0,0,0,124
"416",135000,2573,4,2,35,2,0,0,0,45
"417",159900,3657,4,2,35,1,1,1,0,116
"418",183500,3810,4,3,35,1,0,0,0,3
"419",142900,2936,4,2,35,1,0,1,0,16
"420",197000,3123,4,2,35,1,0,1,0,78
"421",182500,3078,4,2,35,1,0,1,0,7
"422",119900,2457,4,2,25,1,0,0,0,8
"423",150000,2800,4,2,25,1,0,1,0,13
"424",126000,1931,4,2,25,2,0,0,0,33
"425",237000,4244,4,3,25,1,1,0,0,29
"426",175000,2267,4,2,25,1,0,1,0,71
"427",617000,5673,4,4,25,1,1,1,1,46
"428",163000,2605,4,2,25,1,0,0,0,7
"429",162000,3280,4,2,25,2,0,1,0,46
"430",230000,5216,4,3,25,1,1,1,1,365
"431",118000,2978,4,2,25,2,0,1,0,55
"432",419900,5736,4,3,25,1,1,1,1,133
"433",178000,2432,4,2,25,1,0,1,0,45
"434",200000,3088,4,2,25,1,0,1,0,37
"435",154000,3179,4,3,25,2,0,0,0,123
"436",184700,3279,4,2,25,1,1,1,0,40
"437",275000,4681,4,4,25,1,1,1,0,53
"438",116500,2518,4,2,25,2,0,1,0,8
"439",170000,3323,4,2,18,2,1,1,0,4
"440",184000,3594,4,2,18,1,0,1,0,68
"441",177000,2353,4,2,18,2,1,1,0,49
"442",258000,4020,4,3,13,1,0,1,0,114
"443",214000,3122,4,2,13,1,0,1,0,34
"444",285500,3670,4,3,13,1,1,1,0,13
"445",325000,3812,4,3,13,1,0,1,0,3
"446",170000,2076,4,3,13,1,0,0,0,107
"447",193500,3438,4,2,13,2,0,1,0,318
"448",195500,2923,4,2,13,1,0,1,0,12
"449",336000,4133,4,3,13,1,0,1,1,57
"450",254000,3122,4,3,8,1,0,1,0,33
"451",204000,3222,4,2,8,2,0,1,0,74
"452",196900,2642,4,2,8,1,0,1,0,80
"453",168000,2760,4,2,8,2,1,1,0,1
"454",290000,4215,4,3,8,1,0,1,0,58
"455",163500,2517,4,2,8,1,0,1,0,15
"456",128000,2083,4,2,8,1,1,0,0,34
"457",154000,2235,4,2,5,1,0,1,0,18
"458",255000,3251,4,3,5,1,0,1,0,125
"459",344900,3972,4,2,5,1,0,1,0,128
"460",302000,4255,4,3,5,1,1,1,0,49
"461",280000,3983,4,3,5,1,0,1,1,89
"462",355000,4325,4,3,5,1,0,1,0,9
"463",143900,2948,4,3,5,1,0,1,0,6
"464",187400,2226,4,2,2,1,0,1,0,67
"465",142000,2532,4,2,2,1,0,1,1,227
"466",392250,3535,4,3,2,1,0,1,0,147
"467",440000,4411,4,3,2,1,1,1,0,20
"468",229900,3060,4,3,2,1,0,1,0,199
"469",144500,2122,4,2,2,1,0,0,0,110
"470",142000,2280,4,2,1,2,0,1,0,420
"471",242900,2866,4,3,1,2,0,1,0,301
"472",221000,3039,4,2,1,2,0,1,0,223
"473",147000,2280,4,2,1,2,0,1,0,406
"474",318600,3600,4,3,1,2,0,1,1,118
"475",126900,1886,4,2,1,2,0,1,0,44
"476",286000,3010,4,2,1,2,0,1,0,51
"477",168075,2624,4,2,1,2,0,1,0,66
"478",268900,3557,4,3,1,2,0,1,0,76
"479",159850,2376,4,2,1,2,0,1,1,241
"480",126500,1954,4,2,1,2,0,0,1,139
"481",180000,3993,4,2,25,1,0,1,0,114
"482",175000,3234,4,2,25,1,1,1,0,15
"483",295000,3731,4,3,18,1,0,1,1,77
"484",675000,5858,4,3,8,2,0,1,1,157
"485",164900,2669,4,2,25,1,0,1,0,9
"486",227500,3094,4,2,8,1,0,1,0,1
"487",118900,1872,4,2,25,1,0,0,0,8
"488",137800,2373,4,2,25,1,0,0,0,86
"489",158000,3593,4,2,25,1,1,1,0,516
"490",248900,3206,4,2,13,1,0,1,0,101
"491",137900,3150,4,2,25,1,0,1,0,33
"492",227500,3262,4,2,8,1,0,1,0,53
"493",175000,2948,4,2,25,1,0,1,0,94
"494",182500,3171,4,2,18,1,0,1,0,216
"495",219900,3333,4,3,25,2,0,1,0,144
"496",119637,2830,4,2,35,2,0,0,0,36
"497",175000,3756,4,2,35,1,0,0,0,118
"498",148900,2171,4,2,35,2,0,1,0,49
"499",136000,2210,4,3,25,2,0,0,0,196
"500",139900,4130,4,2,45,2,0,0,0,15
"501",150000,3425,4,2,35,1,0,1,1,7
"502",128900,2770,4,2,45,2,0,0,0,26
"503",64900,1970,4,1,35,2,0,1,0,70
"504",243900,2457,4,2,13,1,1,1,0,9
"505",400000,3133,4,3,8,1,0,1,0,51
"506",315000,2802,4,4,35,1,0,1,0,41
"507",360000,6213,4,5,25,1,1,1,0,418
"508",230000,3168,4,2,8,1,0,0,0,30
"509",210000,4315,4,2,25,2,0,1,0,60
"510",600000,6119,4,4,63,1,0,1,0,256
"511",173000,2532,4,2,63,2,0,0,0,1
"512",80000,2176,4,2,63,1,0,0,0,19
"513",71000,1949,4,2,45,2,0,1,0,95
"514",199000,2027,4,2,8,1,0,1,0,14
"515",226000,3368,4,2,1,1,0,1,0,135
"516",133000,1976,4,2,35,2,0,0,0,29
"517",85000,2072,4,2,25,2,0,1,0,11
"518",240000,2848,4,3,13,1,1,1,1,133
"519",225000,3137,4,2,5,1,0,1,0,169
"520",239900,3172,4,3,5,1,0,1,0,27
"521",178950,2350,4,2,2,1,0,1,0,16
"522",207249,3390,4,2,1,2,0,1,0,223
"523",167000,2696,4,2,13,1,0,0,0,174
"524",246000,3370,4,3,2,1,0,1,0,117
"525",90000,2411,4,2,25,1,0,0,0,75
"526",87500,1463,4,2,25,3,0,1,0,25
"527",158900,2523,4,2,1,2,0,0,0,11
"528",159691,2502,4,2,1,2,0,0,0,77
"529",180221,2816,4,3,1,2,0,0,0,0
"530",181900,2985,4,2,1,2,0,0,0,0
"531",106500,2019,4,1,25,3,0,0,0,21
"532",136900,2240,4,2,5,1,0,1,0,91
"533",174000,2768,4,2,2,1,0,1,0,16
"534",133400,2418,4,2,1,2,0,0,0,0
"535",134600,2418,4,2,1,2,0,0,0,0
"536",146000,2536,4,2,1,2,0,0,0,111
"537",152400,2842,4,2,1,2,0,0,0,97
"538",134300,2418,4,2,1,2,0,0,0,144
"539",120000,2222,4,2,35,2,0,0,0,150
"540",134200,2418,4,2,1,2,0,0,0,0
"541",134600,2418,4,2,1,2,0,0,0,0
"542",135700,2418,4,2,1,2,0,0,0,47
"543",136200,2418,4,2,1,2,0,0,0,0
"544",136900,2418,4,2,1,2,0,0,0,36
"545",154600,2932,4,2,1,2,0,0,0,221
"546",154600,2932,4,2,1,2,0,0,0,0
"547",155615,2842,4,2,1,2,0,0,0,80
"548",164300,2980,4,2,1,2,0,0,0,134
"549",165800,2980,4,2,1,2,0,0,0,126
"550",189801,3382,4,3,1,2,0,0,0,41
"551",94900,1485,4,2,1,2,0,0,0,26
"552",133000,2418,4,2,1,2,0,0,0,0
"553",133800,2418,4,2,1,2,0,0,0,2
"554",133800,2418,4,2,1,2,0,0,0,0
"555",133800,2418,4,2,1,2,0,0,0,0
"556",133800,2418,4,2,1,2,0,0,0,0
"557",134900,2418,4,2,1,2,0,0,0,0
"558",139300,2536,4,2,1,2,0,0,0,0
"559",149100,2842,4,2,1,2,0,0,0,0
"560",149900,2842,4,2,1,2,0,0,0,297
"561",134900,2418,4,2,1,2,0,0,0,14
"562",138900,2536,4,2,1,2,0,0,0,242
"563",158900,2932,4,2,1,2,0,0,0,42
"564",160500,3040,4,2,1,2,0,0,0,142
"565",93000,1602,4,2,45,2,0,0,0,248
"566",196900,2779,4,2,1,2,0,0,0,427
"567",138800,2536,4,2,1,2,0,0,0,32
"568",194900,3010,4,2,1,2,0,0,0,114
"569",196900,2779,4,2,1,2,0,0,0,71
"570",72500,1500,4,1,45,2,0,0,0,30
"571",163600,2717,4,2,1,2,0,0,0,0
"572",209100,3456,4,3,1,2,0,0,0,173
"573",176700,3031,5,3,45,1,0,0,0,101
"574",360000,5811,5,3,35,1,1,1,0,46
"575",110000,2739,5,3,35,1,0,0,0,15
"576",330000,4249,5,3,8,2,1,1,0,41
"577",422900,4601,5,3,8,1,1,1,0,29
"578",1007000,7099,5,5,2,1,0,1,0,192
"579",175900,3116,5,3,1,2,0,0,0,0
"580",425000,6194,6,5,8,1,0,1,1,14
"581",125000,5803,8,1,63,1,0,0,0,673
"582",101500,1910,2,2,25,2,0,0,0,77
"583",56000,1495,2,2,25,2,0,1,0,14
"584",60150,1210,2,2,18,2,0,1,0,216
"585",127000,1291,2,2,8,2,1,1,0,26
"586",149900,1310,2,2,1,3,1,0,0,0
"587",149900,1408,2,2,2,2,1,0,0,0
"588",94900,1088,2,1,18,3,0,0,0,14
"589",94900,1088,2,1,18,3,0,0,0,29
"590",94900,1088,2,1,18,3,0,0,0,10
"591",94900,1088,2,1,18,3,0,0,0,17
"592",94900,1088,2,1,18,3,0,0,0,15
"593",95900,1088,2,1,18,3,0,0,0,6
"594",95900,1088,2,1,18,3,0,0,0,2
"595",95900,1088,2,1,18,3,0,0,0,79
"596",95900,1088,2,1,18,3,0,0,0,26
"597",95900,1088,2,1,18,3,0,0,0,18
"598",95900,1088,2,1,18,3,0,0,0,30
"599",95900,1088,2,1,18,3,0,0,0,47
"600",95900,1088,2,1,18,3,0,0,0,13
"601",95900,1088,2,1,18,3,0,0,0,45
"602",95900,1088,2,1,18,3,0,0,0,51
"603",95900,1088,2,1,18,3,0,0,0,6
"604",95900,1088,2,1,18,3,0,0,0,34
"605",95900,1088,2,1,18,3,0,0,0,22
"606",95900,1088,2,1,18,3,0,0,0,20
"607",95900,1088,2,1,18,3,0,0,0,19
"608",95900,1088,2,1,18,3,0,0,0,53
"609",95900,1088,2,1,18,3,0,0,0,79
"610",95900,1088,2,1,18,3,0,0,0,19
"611",95900,1088,2,1,18,3,0,0,0,22
"612",95900,1088,2,1,18,3,0,0,0,45
"613",95900,1088,2,1,18,3,0,0,0,3
"614",95900,1088,2,1,18,3,0,0,0,43
"615",95900,1088,2,1,18,3,0,0,0,6
"616",95900,1088,2,1,18,3,0,0,0,1
"617",97900,1088,2,1,18,3,0,0,0,17
"618",109900,1875,2,2,25,2,0,1,0,12
"619",94900,1088,2,1,18,2,0,0,0,11
"620",94900,1088,2,1,18,2,0,0,0,34
"621",94900,1088,2,1,18,2,0,0,0,24
"622",94900,1088,2,1,18,2,0,0,0,14
"623",94900,1088,2,1,18,2,0,0,0,32
"624",95900,1088,2,1,18,2,0,0,0,481
"625",95900,1088,2,1,18,2,0,0,0,1
"626",95900,1088,2,1,18,2,0,0,0,17
"627",95900,1088,2,1,18,2,0,0,0,32
"628",95900,1088,2,1,18,2,0,0,0,31
"629",82500,1656,2,2,25,1,0,1,0,6
"630",140000,1976,2,2,2,2,0,1,1,27
"631",74900,1734,2,2,18,1,0,1,0,10
"632",55000,1130,2,2,25,1,0,0,0,34
"633",59500,1160,2,2,18,2,0,1,0,345
"634",80500,1618,2,2,18,2,0,1,0,74
"635",64500,1243,2,2,25,2,0,1,0,20
"636",86000,1759,2,2,18,1,0,1,0,43
"637",100000,1241,2,2,25,2,0,1,0,94
"638",96300,1558,2,1,18,1,0,1,0,148
"639",90000,1628,2,1,25,1,0,0,0,149
"640",87000,1059,2,2,18,3,1,1,0,20
"641",92000,1565,2,1,13,2,0,1,0,44
"642",110000,1120,2,1,18,2,0,0,1,7
"643",102000,1172,2,2,18,3,0,1,0,28
"644",164900,1600,3,3,2,3,1,0,0,5
"645",139900,2000,3,2,1,2,0,1,1,333
"646",147000,2040,3,2,25,1,0,0,0,19
"647",150000,1900,3,2,25,2,1,1,0,31
"648",210000,2437,3,2,8,1,1,1,0,10
"649",130000,1980,3,2,18,2,0,1,0,11
"650",142000,2060,3,2,18,1,0,1,0,56
"651",249900,2788,3,2,1,2,0,1,0,0
"652",89000,1612,2,2,63,1,0,0,0,70
"653",105000,2070,2,1,13,2,0,0,0,36
"654",69000,1457,3,1,2,2,0,0,0,37
"655",99000,2278,3,1,45,1,0,0,0,8
"656",73000,1790,3,1,45,2,0,0,0,57
"657",140000,1561,3,2,45,2,0,0,0,29
"658",129500,2146,3,1,45,2,0,1,0,168
"659",172900,2348,3,2,45,1,0,1,0,0
"660",138500,1500,3,2,35,2,0,0,0,10
"661",105000,2311,3,2,35,1,0,0,0,89
"662",140000,2779,3,2,35,2,0,1,0,256
"663",132000,2588,3,2,35,2,0,0,0,49
"664",65000,1450,3,1,35,1,0,0,0,13
"665",135000,3372,3,2,35,1,0,1,0,230
"666",95000,1605,3,2,35,2,0,0,0,115
"667",114000,2879,3,2,25,1,1,0,0,25
"668",51000,1400,3,2,25,2,0,0,0,11
"669",110500,1964,3,1,25,1,0,1,0,257
"670",118000,2454,3,2,18,1,0,1,0,12
"671",153500,2441,3,2,8,2,0,1,0,118
"672",182000,1751,3,2,5,1,0,1,1,79
"673",165500,2181,3,2,2,1,0,1,0,4
"674",72200,1419,3,2,35,1,0,0,0,4
"675",180000,2570,3,2,25,2,0,1,0,8
"676",95000,2506,3,2,35,2,0,1,0,3
"677",125000,1606,3,2,25,1,0,1,0,56
"678",156900,2815,3,2,35,1,1,0,0,18
"679",119900,2152,3,2,35,1,0,0,0,3
"680",110000,2378,3,2,25,2,1,0,0,70
"681",74900,1603,3,1,45,2,0,1,0,10
"682",182500,3353,3,2,35,2,1,1,0,9
"683",122000,3750,3,2,45,1,0,1,0,87
"684",97000,2838,3,1,25,1,0,0,0,8
"685",118000,2206,3,2,25,1,0,1,0,330
"686",22000,1092,3,1,35,2,0,0,0,366
"687",59900,2090,3,2,35,2,0,0,0,115
"688",100000,1713,3,2,18,2,1,0,0,4
"689",100200,1352,3,2,13,1,0,1,0,7
"690",104600,2535,3,2,45,1,1,1,0,17
"691",126000,1367,3,2,5,1,0,1,0,148
"692",82551,2561,4,2,63,2,0,0,0,14
"693",121000,1517,4,2,63,1,1,0,0,1
"694",78000,1396,4,1,45,2,0,0,0,114
"695",158500,3242,4,2,35,1,0,1,0,14
"696",101850,2255,4,3,35,2,0,1,0,105
"697",169900,3212,4,2,25,1,0,1,0,35
"698",148000,1901,4,2,8,1,0,1,0,58
"699",107900,2796,4,2,25,1,0,1,0,93
"700",149900,3040,4,2,35,2,0,1,0,138
"701",157000,3550,4,3,35,2,0,0,0,67
"702",154000,2663,4,2,45,2,1,0,0,61
"703",150000,3182,4,2,45,1,1,1,0,374
"704",40000,1494,4,1,18,2,0,0,0,26
"705",82500,2277,4,2,35,2,0,1,0,22
"706",160000,3303,5,3,25,1,0,1,0,65
"707",169900,1943,2,2,1,2,0,1,0,402
"708",160000,2480,3,2,13,1,0,1,0,40
"709",610000,4935,3,3,8,1,1,1,1,99
"710",73000,915,3,1,25,2,1,0,0,120
"711",75000,915,3,1,25,2,1,0,0,291
"712",75000,915,3,1,25,2,1,0,0,134
"713",99000,1200,3,2,25,2,0,0,0,280
"714",99000,1200,3,2,25,2,0,0,0,107
"715",369900,4834,4,4,1,2,0,1,0,400
"716",442500,4925,4,2,25,1,1,1,0,15
"717",205900,3577,4,2,25,1,1,1,0,21
"718",540000,5138,4,3,8,1,1,1,0,12
"719",735000,5582,4,3,13,1,0,1,0,187
"720",74000,1200,2,2,18,1,0,1,0,95
"721",94000,1913,2,2,25,1,0,1,0,165
"722",116000,1395,2,2,18,2,0,1,0,41
"723",113000,2076,2,2,25,1,1,1,1,28
"724",75200,975,2,2,18,2,0,1,0,115
"725",75400,1088,2,1,18,2,0,1,0,108
"726",77400,1088,2,1,18,2,0,1,0,106
"727",78900,1088,2,1,18,2,0,1,0,107
"728",79900,1088,2,1,18,2,0,1,0,102
"729",132670,1855,2,2,1,2,0,0,0,0
"730",207100,1817,2,2,1,2,0,0,0,423
"731",75200,975,2,2,18,2,0,0,0,106
"732",77900,1108,2,1,18,2,0,0,0,144
"733",77900,1108,2,1,18,2,0,0,0,115
"734",77900,1108,2,1,18,2,0,0,0,144
"735",175000,2725,3,2,5,2,0,1,1,628
"736",136000,2265,3,2,25,1,0,1,0,15
"737",105900,1446,3,2,25,1,0,1,0,17
"738",106000,2163,3,2,25,3,0,0,0,12
"739",121000,1714,3,2,13,1,0,1,0,9
"740",112000,1811,3,2,13,1,0,1,0,49
"741",225000,2591,3,3,13,2,1,1,0,30
"742",138000,2298,3,2,8,2,0,0,0,27
"743",141900,2082,3,2,1,2,0,0,0,237
"744",152500,2010,3,2,1,2,0,1,1,35
"745",107000,1705,3,2,1,2,0,0,0,33
"746",127500,1478,3,2,25,2,0,1,0,35
"747",159900,2182,3,2,1,2,0,0,1,575
"748",340000,3631,3,3,18,1,0,1,0,386
"749",170000,2244,3,2,8,1,0,1,0,23
"750",245500,3953,4,2,2,1,0,1,0,127
"751",330000,3648,3,3,13,1,0,1,0,164
"752",225000,2450,3,2,8,1,0,1,0,80
"753",140000,2099,3,2,8,1,0,1,0,31
"754",168750,2298,3,2,5,1,0,1,0,16
"755",213500,2815,3,2,5,2,0,1,0,66
"756",182500,2500,3,2,5,1,0,1,0,52
"757",206900,2694,3,2,2,1,0,1,0,115
"758",229900,2706,3,2,2,1,0,1,0,82
"759",236000,2537,3,2,2,1,0,1,1,161
"760",214000,1923,3,2,2,1,0,1,0,25
"761",212000,2109,3,2,2,1,0,1,0,55
"762",196900,3018,3,2,2,1,0,1,0,186
"763",147000,2124,3,2,2,1,0,1,0,30
"764",226900,3498,3,2,2,1,0,1,0,157
"765",155000,2290,3,2,2,1,0,1,0,76
"766",134000,2428,3,2,2,1,0,1,0,117
"767",146280,2370,3,2,2,2,0,1,0,70
"768",204200,2505,3,2,1,2,0,1,0,187
"769",176900,1833,3,2,1,2,0,0,1,319
"770",152000,2304,3,2,1,2,0,1,0,274
"771",142500,2171,3,2,2,1,0,1,0,33
"772",167900,2370,3,2,1,2,0,1,0,257
"773",135900,2137,3,2,1,2,0,1,0,129
"774",169500,2482,3,2,1,1,0,1,0,0
"775",140700,2205,3,2,1,2,0,1,0,257
"776",143100,2214,3,2,1,2,0,1,0,224
"777",154950,2579,3,2,1,2,0,1,0,223
"778",170000,2482,3,2,1,2,0,1,0,235
"779",169900,2667,3,2,1,2,0,1,1,108
"780",170650,2536,3,2,1,2,0,1,1,137
"781",182700,2527,3,2,1,2,0,1,0,90
"782",130700,1924,3,2,1,2,0,1,0,159
"783",160000,2081,3,2,8,1,0,1,1,66
"784",106000,1557,3,2,8,2,0,1,0,61
"785",203900,2887,3,2,8,2,0,1,0,137
"786",299900,2982,3,3,2,1,0,1,0,7
"787",124000,1870,3,2,5,1,0,1,0,125
"788",161900,1643,3,2,1,2,0,1,1,7
"789",215000,1947,3,2,1,2,0,1,0,667
"790",130000,1894,3,2,2,1,0,1,0,70
"791",307000,4341,4,3,13,1,1,1,0,9
"792",239900,3400,4,2,8,2,0,1,0,64
"793",236500,3465,4,3,8,1,0,1,0,15
"794",128800,1498,4,2,8,2,1,1,0,51
"795",375500,3841,4,3,2,1,0,1,1,119
"796",249900,2949,4,3,2,1,0,1,1,27
"797",228000,3005,4,3,2,1,0,1,1,156
"798",257000,3415,4,3,2,1,0,1,0,16
"799",268600,3327,4,3,2,1,0,1,0,122
"800",167000,2329,4,2,2,1,0,1,0,23
"801",220000,2564,4,2,2,1,0,1,0,62
"802",875000,5390,4,4,2,1,0,1,0,155
"803",198000,2932,4,3,2,1,0,1,0,63
"804",160500,2305,4,2,2,1,0,1,0,124
"805",209900,2879,4,2,1,2,0,1,0,121
"806",315000,3200,4,4,2,1,0,1,0,52
"807",284000,3558,4,3,2,1,0,1,0,2
"808",1575000,7897,4,4,1,1,1,1,1,7
"809",205500,2947,4,3,1,1,0,0,1,60
"810",181000,2616,4,2,1,1,0,1,0,42
"811",239900,2825,4,3,2,1,0,1,0,116
"812",267300,3481,4,2,2,1,0,1,0,60
"813",182000,2777,4,2,1,2,0,1,0,221
"814",187900,2768,4,2,1,2,0,1,0,221
"815",198000,2579,4,2,2,1,0,1,0,20
"816",201700,2856,4,3,1,2,0,1,1,316
"817",216000,2847,4,3,1,2,0,1,0,123
"818",197800,2926,4,2,1,2,0,1,0,52
"819",369250,4075,4,3,1,2,0,1,1,137
"820",338500,3777,4,3,1,2,0,1,0,95
"821",272000,3366,4,3,1,2,0,1,0,26
"822",235500,2970,4,2,13,1,0,1,0,21
"823",260000,3321,4,2,2,1,0,1,0,28
"824",445500,4559,4,4,1,2,0,1,1,38
"825",479900,4281,4,3,1,2,0,1,0,121
"826",286000,3159,4,3,1,2,0,1,0,30
"827",291000,3304,4,2,1,2,0,1,0,109
"828",290000,3125,4,2,8,2,0,1,0,153
"829",244500,2937,4,3,2,1,0,1,1,108
"830",360000,4605,4,3,5,1,0,1,0,78
"831",245900,2540,4,2,5,1,0,1,0,50
"832",195000,2851,4,2,8,2,0,1,0,112
"833",250000,3057,4,3,5,1,0,1,1,0
"834",239900,3538,4,3,8,1,0,1,0,115
"835",277900,3840,4,2,1,2,0,1,0,11
"836",222198,2394,4,2,1,2,0,1,0,324
"837",248840,2820,4,3,1,2,0,1,0,365
"838",270000,4561,4,3,8,2,0,1,0,442
"839",418880,4146,4,3,1,2,0,0,0,0
"840",228900,4062,4,3,1,2,0,0,0,113
"841",1580000,7640,5,4,13,1,0,1,1,20
"842",380000,4327,5,3,5,2,0,1,0,71
"843",430000,4625,5,3,5,1,0,1,0,11
"844",382000,3942,5,4,5,2,0,1,1,50
"845",228500,2737,5,3,2,1,0,1,0,133
"846",300000,3611,5,3,1,2,0,1,0,294
"847",280544,3405,5,3,1,2,0,0,0,131
"848",135000,1277,1,1,63,1,0,0,0,140
"849",119600,1239,2,1,45,2,0,0,0,540
"850",128500,1267,2,2,63,1,0,0,0,47
"851",100000,1500,2,1,63,3,0,0,0,3
"852",57000,825,2,1,45,1,0,0,0,41
"853",40001,2334,2,1,35,2,0,0,0,92
"854",116500,1742,2,1,63,3,0,1,0,17
"855",230777,2400,2,1,45,1,0,1,0,10
"856",120000,1955,2,1,63,1,0,1,0,9
"857",114000,1297,2,1,80,1,0,0,0,26
"858",119900,1152,2,1,45,2,0,0,0,17
"859",135000,1189,2,1,63,2,0,0,0,26
"860",51900,1268,2,1,45,1,0,0,0,8
"861",53000,1139,2,1,45,2,0,0,0,31
"862",27000,1008,2,1,63,2,0,0,0,8
"863",43500,1363,2,1,63,2,0,0,0,161
"864",50000,735,2,1,35,2,0,0,0,79
"865",32500,1618,2,2,63,2,0,0,0,244
"866",52500,1425,2,1,35,1,0,0,0,28
"867",61000,1392,2,1,35,1,0,0,0,5
"868",60000,1163,2,1,25,1,0,0,0,6
"869",24000,838,2,1,45,2,0,0,0,8
"870",125000,2451,3,2,63,2,0,0,0,1
"871",159000,1918,3,2,80,2,0,0,0,0
"872",120000,2056,3,1,63,1,0,1,0,100
"873",30000,1305,3,1,35,2,0,0,0,209
"874",93700,2069,3,2,25,1,0,1,0,77
"875",63500,1488,3,2,25,3,0,0,0,330
"876",127000,1931,3,2,13,2,0,1,0,151
"877",131000,2330,3,2,8,1,0,1,0,262
"878",119900,1587,3,2,8,1,0,1,0,52
"879",83500,1442,3,2,8,2,0,0,0,26
"880",101500,1615,3,2,5,1,0,1,0,125
"881",84000,1040,3,2,5,1,0,0,0,87
"882",159900,1722,3,2,1,2,0,0,1,1
"883",156700,1722,3,2,1,2,0,0,1,22
"884",124000,2195,3,2,45,1,0,1,0,20
"885",72500,1582,3,1,35,1,0,0,0,34
"886",85000,1379,3,1,45,3,0,0,0,91
"887",237000,2629,3,2,63,1,0,1,0,413
"888",236500,2751,3,2,63,2,0,1,0,28
"889",180000,1537,3,2,45,2,0,1,0,23
"890",175000,2445,3,2,63,1,0,1,0,9
"891",135000,2379,3,2,63,1,0,0,0,219
"892",149000,2107,3,2,63,1,0,0,0,4
"893",150000,2000,3,1,80,3,0,0,0,0
"894",161000,1380,3,2,80,2,0,1,0,10
"895",172500,1472,3,2,63,2,0,1,0,16
"896",71500,1765,3,2,45,2,0,0,0,154
"897",69000,1364,3,1,45,2,0,0,0,7
"898",130400,1688,3,2,45,2,0,0,0,10
"899",150000,2248,3,2,80,1,0,0,0,247
"900",255000,3074,3,2,8,1,0,0,1,14
"901",169000,2314,3,2,25,1,0,1,1,191
"902",124000,2136,3,2,80,1,0,1,0,154
"903",30000,1241,3,1,45,2,0,0,0,28
"904",74900,1710,3,3,45,2,0,0,0,7
"905",94900,1420,3,2,1,2,0,0,0,9
"906",72000,1175,3,1,25,1,0,0,0,68
"907",81500,1119,3,1,35,1,0,1,0,49
"908",35500,1385,3,1,35,2,0,0,0,25
"909",84000,1631,4,2,5,2,0,0,0,36
"910",129000,3128,4,2,45,1,0,1,0,6
"911",401000,5017,4,4,45,2,0,1,0,3
"912",125000,3096,4,2,18,2,0,1,0,28
"913",290000,1844,4,2,35,1,0,0,1,728
"914",38300,1488,4,2,63,2,0,0,0,29
"915",59000,1744,4,2,25,3,0,0,0,28
"916",145000,1196,2,2,1,2,0,1,1,106
"917",140000,1400,2,2,1,2,0,0,1,106
"918",155000,1196,2,2,1,2,0,0,1,106
"919",155000,1400,2,2,1,2,0,0,1,106
"920",155000,1196,2,2,1,2,0,0,1,106
"921",160000,1400,2,2,1,2,0,0,1,106
"922",160000,1196,2,2,1,2,0,0,1,106
"923",332000,3670,3,2,45,1,0,1,1,35
"924",129900,2870,3,2,45,3,0,1,0,73
"925",120000,2433,3,2,35,1,0,1,0,1
"926",119900,2363,3,2,25,1,0,0,0,19
"927",154000,3250,3,2,25,2,0,1,0,34
"928",132000,1907,3,2,25,1,0,1,0,3
"929",145000,2529,3,2,25,1,0,1,0,19
"930",156000,2495,3,2,25,1,1,1,0,3
"931",96000,1582,3,2,8,2,0,1,0,31
"932",99000,1491,3,2,2,1,0,0,0,34
"933",132000,2013,3,2,2,1,0,1,0,6
"934",118900,1719,3,2,2,1,0,1,0,43
"935",182000,2911,3,2,2,1,0,1,0,157
"936",150900,1949,3,2,1,2,0,1,0,0
"937",147000,2236,3,2,1,1,0,1,0,9
"938",158000,2205,3,2,1,1,0,1,0,112
"939",174900,2312,3,2,1,2,0,1,0,166
"940",233500,3166,3,2,25,3,1,1,1,71
"941",220000,3380,3,3,13,1,1,1,0,14
"942",133000,2886,3,2,45,2,0,1,0,68
"943",105800,2786,3,2,25,1,0,0,0,23
"944",109000,1608,3,1,45,2,0,0,0,110
"945",185000,2097,3,2,13,1,0,1,1,44
"946",31000,1293,3,1,35,2,0,1,0,80
"947",103000,1960,3,2,35,1,0,1,0,21
"948",90500,1628,3,2,35,2,0,1,0,28
"949",133000,1934,3,2,1,2,0,1,0,463
"950",101900,1892,3,2,35,2,0,1,0,124
"951",82725,1062,3,2,1,2,0,0,0,115
"952",181600,3309,4,2,8,1,0,1,0,38
"953",115500,2903,4,2,35,2,0,0,0,44
"954",177500,3070,4,3,25,1,1,1,0,91
"955",179900,3430,4,3,25,2,0,1,0,15
"956",48000,720,1,1,35,2,0,0,0,15
"957",152500,1320,2,2,2,1,0,0,0,11
"958",64900,1033,2,1,63,1,0,0,0,8
"959",113857,2057,3,2,25,1,0,1,0,104
"960",161000,2704,3,2,8,1,0,1,0,86
"961",129500,2246,3,2,2,1,0,1,0,150
"962",228000,3737,3,2,2,1,0,1,0,77
"963",113000,2800,3,2,25,1,0,1,0,0
"964",141000,2276,3,2,8,1,0,1,0,8
"965",132000,2616,3,2,45,1,0,0,0,97
"966",95000,1826,3,2,25,1,0,1,0,174
"967",25000,1579,3,1,35,3,0,0,0,3
"968",205900,3460,4,3,8,1,0,1,0,40
"969",240000,2505,4,2,8,1,0,1,0,15
"970",66000,3580,4,2,80,1,0,1,0,0
"971",1260000,7249,5,5,35,1,0,1,0,107
"972",295000,7790,5,3,18,1,0,1,0,119
"973",575000,5956,5,4,8,1,1,1,1,5
"974",1400000,6397,5,5,8,1,0,1,1,245
"975",89900,1712,2,2,18,1,0,1,0,44
"976",41000,1296,2,1,45,1,0,0,0,23
"977",34000,662,2,1,25,2,0,0,1,323
"978",112500,1836,3,2,25,1,0,0,0,45
"979",124600,1956,3,2,25,1,0,0,0,59
"980",116500,2297,3,2,25,1,0,1,0,12
"981",136000,2791,3,2,18,1,1,1,0,39
"982",117000,1994,3,2,25,1,0,1,0,13
"983",150000,2562,3,2,18,3,0,1,0,123
"984",118000,2492,3,2,18,1,0,1,0,17
"985",124000,1912,3,2,18,1,0,1,0,7
"986",130000,2172,3,2,18,1,0,1,0,25
"987",120000,1684,3,2,18,1,0,1,0,10
"988",311000,3955,3,2,18,1,0,0,0,32
"989",124500,2255,3,2,18,1,0,1,0,180
"990",125000,2238,3,2,18,1,0,1,1,27
"991",108000,2418,3,2,13,1,0,1,0,7
"992",122000,2315,3,2,13,2,0,1,0,21
"993",177500,3020,3,2,13,1,0,1,0,48
"994",142500,2693,3,2,8,2,0,1,0,9
"995",168000,2985,3,2,8,1,0,1,0,128
"996",266900,5140,3,3,8,1,0,1,0,89
"997",235000,3964,3,2,8,1,0,1,0,15
"998",108900,1755,3,2,8,1,0,1,0,5
"999",114500,1874,3,2,8,1,0,1,0,48
"1000",115000,1998,3,2,5,2,0,1,0,14
"1001",105000,1724,3,2,5,1,0,1,0,2
"1002",108000,1681,3,2,5,1,0,1,1,4
"1003",125000,2092,3,2,2,1,0,1,0,2
"1004",104000,1514,3,2,5,3,0,0,0,49
"1005",105900,1655,3,2,5,1,0,0,0,7
"1006",112900,1272,3,2,5,1,0,0,0,9
"1007",96000,1640,3,2,2,1,0,0,0,49
"1008",165000,3251,3,2,2,1,0,0,0,5
"1009",114900,1918,3,2,2,1,0,0,0,49
"1010",160000,2410,3,2,2,3,0,0,0,72
"1011",195000,3348,3,2,2,1,0,1,1,126
"1012",105000,1962,3,2,18,2,0,1,0,16
"1013",122900,2570,3,2,13,1,1,0,0,7
"1014",123000,1484,3,2,18,1,0,1,0,20
"1015",119000,2095,3,2,25,1,0,1,0,32
"1016",150000,2680,3,2,25,1,1,1,0,9
"1017",129000,1907,3,2,25,1,0,1,0,28
"1018",177000,2875,3,2,25,2,0,1,0,14
"1019",143500,2168,3,2,18,2,0,1,0,0
"1020",288500,2660,3,2,35,1,0,0,0,6
"1021",104000,1488,3,1,63,1,0,0,0,93
"1022",160000,2766,3,2,63,1,0,0,0,89
"1023",162000,1949,3,2,63,1,0,0,0,25
"1024",31900,1993,3,2,80,2,0,0,0,18
"1025",114900,3195,3,2,25,2,1,1,0,63
"1026",126000,1404,3,2,2,1,0,1,0,96
"1027",142500,2212,3,2,5,1,0,1,0,56
"1028",52000,960,3,1,35,2,0,0,0,19
"1029",184000,2028,3,2,8,1,0,1,0,21
"1030",105000,1368,3,2,5,1,0,1,0,35
"1031",111000,1487,3,2,13,2,0,1,0,55
"1032",88500,1317,3,1,8,2,0,1,0,63
"1033",172000,2603,3,2,8,1,0,1,0,126
"1034",127820,2019,3,2,2,1,0,1,0,83
"1035",82000,1256,3,2,8,1,0,0,0,4
"1036",118650,1666,3,2,13,2,0,1,0,50
"1037",130000,2905,3,2,25,2,0,0,0,17
"1038",80500,1334,3,1,35,2,0,0,0,11
"1039",170000,3112,3,2,13,1,0,1,0,41
"1040",92000,1350,3,2,8,2,0,1,0,74
"1041",118000,2042,3,2,5,2,0,1,0,45
"1042",179900,3476,4,2,25,1,0,1,0,14
"1043",152400,2534,4,2,25,2,0,1,0,9
"1044",161500,2936,4,2,25,1,0,1,0,60
"1045",332694,4988,4,2,18,1,1,1,0,9
"1046",435000,3046,4,4,13,1,1,1,0,87
"1047",138000,2630,4,2,13,2,0,0,0,126
"1048",193000,3086,4,2,8,2,0,1,0,19
"1049",162750,3657,4,2,8,2,0,1,0,7
"1050",210000,3069,4,2,8,1,0,1,0,50
"1051",227500,3147,4,2,8,2,0,1,1,3
"1052",190000,2635,4,2,8,1,0,1,1,70
"1053",323000,4497,4,2,8,1,1,1,0,114
"1054",320000,4411,4,3,5,1,0,1,1,12
"1055",245000,3002,4,4,5,1,0,1,0,109
"1056",215000,4919,4,3,1,2,0,0,0,74
"1057",219000,4805,4,2,25,1,1,1,1,59
"1058",158500,3213,4,2,35,1,0,1,0,49
"1059",146000,3947,4,2,25,1,1,1,0,105
"1060",254250,4222,4,3,25,1,0,1,0,20
"1061",185000,3479,4,2,35,1,0,1,0,76
"1062",139900,3573,4,2,13,2,0,0,0,30
"1063",344900,3990,4,2,13,1,0,1,0,3
"1064",51000,1744,4,1,45,2,0,0,0,9
"1065",320000,4500,4,2,18,1,0,1,0,57
"1066",164000,2456,4,2,8,1,0,1,0,42
"1067",295000,3729,4,3,8,1,0,1,0,47
"1068",152000,1588,4,2,5,2,0,0,0,0
"1069",195900,4000,4,3,8,2,1,1,1,77
"1070",202500,2650,4,3,8,1,1,0,0,72
"1071",152000,3143,4,2,25,1,0,1,0,78
"1072",149000,2967,4,3,13,1,1,1,0,62
"1073",195000,4110,4,2,25,1,0,0,0,32
"1074",172600,3594,4,3,13,2,0,1,0,48
"1075",122570,2853,5,3,25,1,0,1,0,34
"1076",185000,4599,5,3,13,2,1,1,0,293
"1077",1280000,7086,5,3,13,2,1,1,1,4
"1078",123808,3148,5,2,25,1,0,0,0,13
"1079",374000,6203,7,4,25,1,1,1,0,28
